,channel_title,title,description,published,tag_count,view_count,viewer_percentage,estimated_min_watched,avg_view_duration,avg_view_percentage,like_count,dislike_count,share_count,comment_count,duration_str,aud_watch_ratio,relative_retention_performance,title_length,reactions
0,Yoga With Adriene,30 Days of Yoga - Start Here,"Welcome! Thank you for joining me for the 30 Days Of Yoga experience! Watch this video before you begin! 

It includes helpful ideas and tips to support you on your journey! Today we begin with this video! Tomorrow - DAY 1 of YOGA. 

 As we transition into the New Year I already feel great about the idea of practicing for 30 days straight. I feel excited about challenging myself, connecting to myself, and learning something new. I am grateful that my body is able to move, that my breath is capable of deepening and I love that I will be doing it with so many others, around the globe.
 
The hardest part each day will likely be getting on the mat. Make time. Stay focused and choose to make the experience your own. This 30 Day practice is intended to support you in finding what feels good in the New Year. So, though it may be challenging to make time for your practice â€“ just do it â€“ knowing that it is okay to adapt, change, modify, rebel and do your own thang at any time.

But get on the mat. 

Take conscious breaths and stretch each day as a way of connecting to your intentions, your big picture, and ultimately, complete wellness.
 
Why not? Let's reach for the stars!

- - - - - -

Need the BASICS of Foundations of a pose?
Check out the Foundations Of Yoga playlist: http://goo.gl/Bc2iUc

#yogawithadriene   #freeyoga   #30daysofyoga
  
- - - - - - - - - - 

â¤ï¸SUBSCRIBE to the YWA channel for free yoga videos every week and to support high-quality free yoga for all! â¤ï¸
https://www.youtube.com/user/yogawithadriene?sub_confirmation=1

- - - - - - - - - - 

ğŸ§˜ğŸ½â™‚ï¸ğŸ§˜â™€ï¸Become an FWFG YOGA member! ğŸ§˜ğŸ»â™‚ï¸ğŸ§˜ğŸ¿â™€ï¸
https://fwfg.com/?via=adriene/?via=adriene
Join Find What Feels Good and access over 700 videos including yoga and meditation for all levels. Explore daily practices, workshops, in-depth learning, weekly or monthly accountability series, and an opportunity to connect with a one-of-a-kind global community. This is your one-stop-shop for yoga, creativity, wellness, and all things FWFG. Try it FREE for 7 Days! 

- - - - - - - - - - 

ğŸ—“Get your FREE Yoga Calendar: ğŸ—“
http://yogawithadriene.com/calendar/

- - - - - - - - - - 

More at www.yogawithadriene.com
â–¶ï¸ Instagram: @adrienelouise
â–¶ï¸ Twitter: @yogawithadriene
â–¶ï¸ Facebook: Yoga With Adriene
â–¶ï¸ Shop: https://shop.fwfg.com

- - - - - - - - - - 

Music by Shakey Graves: 
https://www.shakeygraves.com

- - - - - - - - - - 

Yoga With Adriene, LLC recommends that you consult your physician regarding the applicability of any recommendations and follow all safety instructions before beginning any exercise program. When participating in any exercise or exercise program, there is the possibility of physical injury. If you engage in this exercise or exercise program, you agree that you do so at your own risk, are voluntarily participating in these activities, assume all risk of injury to yourself.",2015-01-01T06:00:05Z,19,5538427,0,0,0,0,32760,0,0,1366,5:7,0,0,28,35492
1,Yoga With Adriene,Day 1 - Ease Into It - 30 Days of Yoga,"Join Adriene on Day 1 of The 30 Days of Yoga journey! Ease into your 30 day experience with an open mind, kindness and curiosity. 

Use this DAY 1 practice to take stock, check in with the body and mind. Begin the practice of slowing down, noticing, stretching and moving with ease. Commit to 30 days of breathing deep and listening. Acknowledge the distractions, the frustrations, the parts of the body that need more love or are in healing. Acknowledge it all! For this journey is about more than just a flexible, strong and tone body. It is about full mind, heart and body wellness. Begin here to set the foundation for a connected home practice. - FREE and in the comfort of your own home! Get empowered, find what feels good, listen to your body and let's have some fun!

Connect and support others down below! Cultivate positivity. Remember each day is different! The journey is the reward! See you tomorrow!

- - - - - -

Need the BASICS of Foundations of a pose?
Check out the Foundations Of Yoga playlist: http://goo.gl/Bc2iUc

#yogawithadriene   #freeyoga   #30daysofyoga
  
- - - - - - - - - - 

â¤ï¸SUBSCRIBE to the YWA channel for free yoga videos every week and to support high-quality free yoga for all! â¤ï¸
https://www.youtube.com/user/yogawithadriene?sub_confirmation=1

- - - - - - - - - - 

ğŸ§˜ğŸ½â™‚ï¸ğŸ§˜â™€ï¸Become a FWFG YOGA member! ğŸ§˜ğŸ»â™‚ï¸ğŸ§˜ğŸ¿â™€ï¸
https://fwfg.com/?via=adriene
Join Find What Feels Good and access over 700 videos including yoga and meditation for all levels. Explore daily practices, workshops, in-depth learning, weekly or monthly accountability series, and an opportunity to connect with a one of a kind global community. This is your one-stop-shop for yoga, creativity, wellness, and all things FWFG. Try it FREE for 7 Days! 

- - - - - - - - - - 

ğŸ—“Get your FREE Yoga Calendar: ğŸ—“
http://yogawithadriene.com/calendar/

- - - - - - - - - - 

More at www.yogawithadriene.com
â–¶ï¸ Instagram: @adrienelouise
â–¶ï¸ Twitter: @yogawithadriene
â–¶ï¸ Facebook: Yoga With Adriene
â–¶ï¸ Shop: https://shop.fwfg.com

- - - - - - - - - - 

Music by Shakey Graves: 
https://www.shakeygraves.com

- - - - - - - - - - 

Yoga With Adriene, LLC recommends that you consult your physician regarding the applicability of any recommendations and follow all safety instructions before beginning any exercise program. When participating in any exercise or exercise program, there is the possibility of physical injury. If you engage in this exercise or exercise program, you agree that you do so at your own risk, are voluntarily participating in these activities, assume all risk of injury to yourself.",2015-01-02T06:00:01Z,22,28580592,0,0,0,0,285748,0,0,11096,34:57,0,0,38,307940
2,Yoga With Adriene,Day 2 - Stretch & Soothe - 30 Days of Yoga,"Join Adriene on Day 2 of The 30 Days of Yoga journey! Stretch your body and soothe your soul. Relieve stress and ease into your 30-day experience with an open mind, kindness, and curiosity. 

Use this Day 2 practice to stretch tight muscles and soothe the nervous system - even an achey heart. This first week we take time to connect to the big picture and a full-body experience. Practice staying present as we deepen the practice and learn vocabulary to play with on our mat. Practices change from day to day - and get shorter towards the end. Stick with it! Take this time for yourself. Have courage to take the time for yourself! Get empowered, find what feels good, listen to your body and don't forget to have some fun!

Connect and support others down below! Cultivate positivity. Remember each day is different! The journey is the reward! See you tomorrow!

- - - - - -

Need the BASICS of Foundations of a pose?
Check out the Foundations Of Yoga playlist: http://goo.gl/Bc2iUc

#yogawithadriene   #freeyoga   #30daysofyoga
  
- - - - - - - - - - 

â¤ï¸SUBSCRIBE to the YWA channel for free yoga videos every week and to support high-quality free yoga for all! â¤ï¸
https://www.youtube.com/user/yogawithadriene?sub_confirmation=1

- - - - - - - - - - 

ğŸ§˜ğŸ½â™‚ï¸ğŸ§˜â™€ï¸Become a FWFG YOGA member! ğŸ§˜ğŸ»â™‚ï¸ğŸ§˜ğŸ¿â™€ï¸
https://fwfg.com/?via=adriene
Join Find What Feels Good and access over 700 videos including yoga and meditation for all levels. Explore daily practices, workshops, in-depth learning, weekly or monthly accountability series, and an opportunity to connect with a one of a kind global community. This is your one-stop-shop for yoga, creativity, wellness, and all things FWFG. Try it FREE for 7 Days! 

- - - - - - - - - - 

ğŸ—“Get your FREE Yoga Calendar: ğŸ—“
http://yogawithadriene.com/calendar/

- - - - - - - - - - 

More at www.yogawithadriene.com
â–¶ï¸ Instagram: @adrienelouise
â–¶ï¸ Twitter: @yogawithadriene
â–¶ï¸ Facebook: Yoga With Adriene
â–¶ï¸ Shop: https://shop.fwfg.com

- - - - - - - - - - 

Music by Shakey Graves: 
https://www.shakeygraves.com

- - - - - - - - - - 

Yoga With Adriene, LLC recommends that you consult your physician regarding the applicability of any recommendations and follow all safety instructions before beginning any exercise program. When participating in any exercise or exercise program, there is the possibility of physical injury. If you engage in this exercise or exercise program, you agree that you do so at your own risk, are voluntarily participating in these activities, assume all risk of injury to yourself.",2015-01-03T06:00:02Z,19,11937842,0,0,0,0,78987,0,0,5783,33:19,0,0,42,90553
3,Yoga With Adriene,Day 3 - Forget What You Know - 30 Days of Yoga,"Join Adriene on Day 3 of The 30 Days of Yoga journey! Forget What You Know About Yoga! It is so easy to slip into automatic pilot. For today's sequence, come into a beginner's mind. (Bonus if you are a beginner and totally new to yoga!) When we come to this idea of beginner's mind - we open up to all possibilities.

Use this Day 3 practice to check in with balance and connect to your core center. Let go of expectations and stay receptive as you work to build strength and unlock more space. Again, open up to making new discoveries! If you are regular yogi this practice will be a great opportunity to change it up. If you are new to the practice, ROCK ON, you have that beautiful beginner's mind already. Seek opportunities to learn - especially in the difficulties. Everyone, close your eyes when you can, move mindfully, and trust yourself. Breathe. Breathe slowly. This revitalizing and strengthening sequence is great for balance, core & hip check-in, and supports good posture! Explore where you are TODAY.

There are some more restorative practices on the way, I promise! Plus shorter sequences begin to weave in and out! Stick with it!! 

Connect and support others down below! Cultivate positivity. Remember each day is different! The journey is the reward! See you tomorrow!

- - - - - -

Need the BASICS of Foundations of a pose?
Check out the Foundations Of Yoga playlist: http://goo.gl/Bc2iUc

#yogawithadriene   #freeyoga   #30daysofyoga
  
- - - - - - - - - - 

â¤ï¸SUBSCRIBE to the YWA channel for free yoga videos every week and to support high-quality free yoga for all! â¤ï¸
https://www.youtube.com/user/yogawithadriene?sub_confirmation=1

- - - - - - - - - - 

ğŸ§˜ğŸ½â™‚ï¸ğŸ§˜â™€ï¸Become a FWFG YOGA member! ğŸ§˜ğŸ»â™‚ï¸ğŸ§˜ğŸ¿â™€ï¸
https://fwfg.com/?via=adriene
Join Find What Feels Good and access over 700 videos including yoga and meditation for all levels. Explore daily practices, workshops, in-depth learning, weekly or monthly accountability series, and an opportunity to connect with a one of a kind global community. This is your one-stop-shop for yoga, creativity, wellness, and all things FWFG. Try it FREE for 7 Days! 

- - - - - - - - - - 

ğŸ—“Get your FREE Yoga Calendar: ğŸ—“
http://yogawithadriene.com/calendar/

- - - - - - - - - - 

More at www.yogawithadriene.com
â–¶ï¸ Instagram: @adrienelouise
â–¶ï¸ Twitter: @yogawithadriene
â–¶ï¸ Facebook: Yoga With Adriene
â–¶ï¸ Shop: https://shop.fwfg.com

- - - - - - - - - - 

Music by Shakey Graves: 
https://www.shakeygraves.com

- - - - - - - - - - 

Yoga With Adriene, LLC recommends that you consult your physician regarding the applicability of any recommendations and follow all safety instructions before beginning any exercise program. When participating in any exercise or exercise program, there is the possibility of physical injury. If you engage in this exercise or exercise program, you agree that you do so at your own risk, are voluntarily participating in these activities, assume all risk of injury to yourself.",2015-01-04T06:00:03Z,17,7279607,0,0,0,0,40997,0,0,3315,23:4,0,0,46,47627
4,Yoga With Adriene,Day 4 - Yoga For Your Back - 30 Days of Yoga,"Yoga for your back! Stretch and strengthen your back with the power of the breath!

Use this practice to awaken the spine and meet your edge. Tone arms, legs, core and stay connected to subtle body movement with the breath. Stick with it! Take this time to see to notice how Yoga practice has your back. Get frisky! Or at least, remember Yoga is not so serious! Modify as needed and keep a sense of humor. Keep finding that breath! 

Connect and support others down below! Cultivate positivity. Remember each day is different! The journey is the reward! See you tomorrow!

- - - - - -
Need the BASICS of Foundations of a pose?
Check out the Foundations Of Yoga playlist: http://goo.gl/Bc2iUc

#yogawithadriene   #freeyoga   #30daysofyoga
  
- - - - - - - - - - 

â¤ï¸SUBSCRIBE to the YWA channel for free yoga videos every week and to support high-quality free yoga for all! â¤ï¸
https://www.youtube.com/user/yogawithadriene?sub_confirmation=1

- - - - - - - - - - 

ğŸ§˜ğŸ½â™‚ï¸ğŸ§˜â™€ï¸Become a FWFG YOGA member! ğŸ§˜ğŸ»â™‚ï¸ğŸ§˜ğŸ¿â™€ï¸
https://fwfg.com/?via=adriene
Join Find What Feels Good and access over 700 videos including yoga and meditation for all levels. Explore daily practices, workshops, in-depth learning, weekly or monthly accountability series, and an opportunity to connect with a one of a kind global community. This is your one-stop-shop for yoga, creativity, wellness, and all things FWFG. Try it FREE for 7 Days! 

- - - - - - - - - - 

ğŸ—“Get your FREE Yoga Calendar: ğŸ—“
http://yogawithadriene.com/calendar/

- - - - - - - - - - 

More at www.yogawithadriene.com
â–¶ï¸ Instagram: @adrienelouise
â–¶ï¸ Twitter: @yogawithadriene
â–¶ï¸ Facebook: Yoga With Adriene
â–¶ï¸ Shop: https://shop.fwfg.com

- - - - - - - - - - 

Music by Shakey Graves: 
https://www.shakeygraves.com

- - - - - - - - - - 

Yoga With Adriene, LLC recommends that you consult your physician regarding the applicability of any recommendations and follow all safety instructions before beginning any exercise program. When participating in any exercise or exercise program, there is the possibility of physical injury. If you engage in this exercise or exercise program, you agree that you do so at your own risk, are voluntarily participating in these activities, assume all risk of injury to yourself.",2015-01-05T06:00:04Z,19,7375156,0,0,0,0,40119,0,0,2568,20:16,0,0,44,45255
5,Yoga With Adriene,Day 5 - FEEL ALIVE FLOW- 30 Days of Yoga,"Join Adriene on Day 5 of The 30 Days of Yoga journey! Feel Alive Flow! This practice will help you shake off the blues to feel revitalized and fresh again!

Use this Day 5 practice to check in with the breath. Let the breath be the soundtrack to this practice. Notice what it feels like to be ALIVE today. Meet your edge but don't take anything too seriously. Today is a reminder to have some fun! Smile and stretch it out. Give thanks! You are ALIVE! Yoga helps up notice what it feels like to be alive and in the moment. Give thanks and enjoy!

Connect and support others down below! Cultivate positivity. Remember each day is different! The journey is the reward! See you tomorrow!

- - - - - -
Need the BASICS of Foundations of a pose?
Check out the Foundations Of Yoga playlist: http://goo.gl/Bc2iUc

#yogawithadriene   #freeyoga   #30daysofyoga
  
- - - - - - - - - - 

â¤ï¸SUBSCRIBE to the YWA channel for free yoga videos every week and to support high-quality free yoga for all! â¤ï¸
https://www.youtube.com/user/yogawithadriene?sub_confirmation=1

- - - - - - - - - - 

ğŸ§˜ğŸ½â™‚ï¸ğŸ§˜â™€ï¸Become a FWFG YOGA member! ğŸ§˜ğŸ»â™‚ï¸ğŸ§˜ğŸ¿â™€ï¸
https://fwfg.com/?via=adriene
Join Find What Feels Good and access over 700 videos including yoga and meditation for all levels. Explore daily practices, workshops, in-depth learning, weekly or monthly accountability series, and an opportunity to connect with a one of a kind global community. This is your one-stop-shop for yoga, creativity, wellness, and all things FWFG. Try it FREE for 7 Days! 

- - - - - - - - - - 

ğŸ—“Get your FREE Yoga Calendar: ğŸ—“
http://yogawithadriene.com/calendar/

- - - - - - - - - - 

More at www.yogawithadriene.com
â–¶ï¸ Instagram: @adrienelouise
â–¶ï¸ Twitter: @yogawithadriene
â–¶ï¸ Facebook: Yoga With Adriene
â–¶ï¸ Shop: https://shop.fwfg.com

- - - - - - - - - - 

Music by Shakey Graves: 
https://www.shakeygraves.com

- - - - - - - - - - 

Yoga With Adriene, LLC recommends that you consult your physician regarding the applicability of any recommendations and follow all safety instructions before beginning any exercise program. When participating in any exercise or exercise program, there is the possibility of physical injury. If you engage in this exercise or exercise program, you agree that you do so at your own risk, are voluntarily participating in these activities, assume all risk of injury to yourself.",2015-01-06T06:00:01Z,22,5705315,0,0,0,0,29797,0,0,2194,16:33,0,0,40,34185
6,Yoga With Adriene,Day 6 - SIX PACK ABS - 30 Days of Yoga,"Join Adriene on Day 6 of The 30 Days of Yoga journey! Six Pack Abs! Yogi style. This is a shorter practice to tone the abdominals in a mindful way that feels fun and supportive! Also, almost everyone wants more core strength and tone abdominals. You asked for it!
Use this Day 6 practice to check in with the core. Mindful core training will support your entire practice and whole-body health. While tone abs are something we all fancy (me too) core strength training is so much more than washboard abs or a flat tummy. By building core strength you are supporting the back and all of the muscles that surround your dear spinal cord. By working those muscles we are taking some of our weight off the spine and engaging the entire body. We are more likely to do active, engaging things when the body is strong & engaged. Great for runners, dancers, movers and shakers! Great for grounding the spirit.  

Connect and support others down below! Cultivate positivity. Remember each day is different! The journey is the reward! See you tomorrow!

- - - - - -
Need the BASICS of Foundations of a pose?
Check out the Foundations Of Yoga playlist: http://goo.gl/Bc2iUc

#yogawithadriene   #freeyoga   #30daysofyoga
  
- - - - - - - - - - 

â¤ï¸SUBSCRIBE to the YWA channel for free yoga videos every week and to support high-quality free yoga for all! â¤ï¸
https://www.youtube.com/user/yogawithadriene?sub_confirmation=1

- - - - - - - - - - 

ğŸ§˜ğŸ½â™‚ï¸ğŸ§˜â™€ï¸Become a FWFG YOGA member! ğŸ§˜ğŸ»â™‚ï¸ğŸ§˜ğŸ¿â™€ï¸
https://fwfg.com/?via=adriene
Join Find What Feels Good and access over 700 videos including yoga and meditation for all levels. Explore daily practices, workshops, in-depth learning, weekly or monthly accountability series, and an opportunity to connect with a one of a kind global community. This is your one-stop-shop for yoga, creativity, wellness, and all things FWFG. Try it FREE for 7 Days! 

- - - - - - - - - - 

ğŸ—“Get your FREE Yoga Calendar: ğŸ—“
http://yogawithadriene.com/calendar/

- - - - - - - - - - 

More at www.yogawithadriene.com
â–¶ï¸ Instagram: @adrienelouise
â–¶ï¸ Twitter: @yogawithadriene
â–¶ï¸ Facebook: Yoga With Adriene
â–¶ï¸ Shop: https://shop.fwfg.com

- - - - - - - - - - 

Music by Shakey Graves: 
https://www.shakeygraves.com

- - - - - - - - - - 

Yoga With Adriene, LLC recommends that you consult your physician regarding the applicability of any recommendations and follow all safety instructions before beginning any exercise program. When participating in any exercise or exercise program, there is the possibility of physical injury. If you engage in this exercise or exercise program, you agree that you do so at your own risk, are voluntarily participating in these activities, assume all risk of injury to yourself.",2015-01-07T06:00:01Z,18,5644977,0,0,0,0,30736,0,0,1873,16:58,0,0,38,34482
7,Yoga With Adriene,Day 7 - Total Body Yoga - 30 Days of Yoga,"Join Adriene on Day 7 of The 30 Days of Yoga journey! Total Body Yoga! This practice opens up the side body and invites you to create space as you build total-body strength.
Use this Day 7 practice to get the heart rate going and build strength. This sequence focuses on core strength and side body length! Meet your edge mindfully - don't push! Practice non-harming, mindful action, and alignment! Drink a tall glass of water after this practice. Keep up the great work!

Connect and support others down below! Cultivate positivity. Remember each day is different! The journey is the reward! See you tomorrow!

- - - - - -
Need the BASICS of Foundations of a pose?
Check out the Foundations Of Yoga playlist: http://goo.gl/Bc2iUc

#yogawithadriene   #freeyoga   #30daysofyoga
  
- - - - - - - - - - 

â¤ï¸SUBSCRIBE to the YWA channel for free yoga videos every week and to support high-quality free yoga for all! â¤ï¸
https://www.youtube.com/user/yogawithadriene?sub_confirmation=1

- - - - - - - - - - 

ğŸ§˜ğŸ½â™‚ï¸ğŸ§˜â™€ï¸Become a FWFG YOGA member! ğŸ§˜ğŸ»â™‚ï¸ğŸ§˜ğŸ¿â™€ï¸
https://fwfg.com/?via=adriene
Join Find What Feels Good and access over 700 videos including yoga and meditation for all levels. Explore daily practices, workshops, in-depth learning, weekly or monthly accountability series, and an opportunity to connect with a one of a kind global community. This is your one-stop-shop for yoga, creativity, wellness, and all things FWFG. Try it FREE for 7 Days! 

- - - - - - - - - - 

ğŸ—“Get your FREE Yoga Calendar: ğŸ—“
http://yogawithadriene.com/calendar/

- - - - - - - - - - 

More at www.yogawithadriene.com
â–¶ï¸ Instagram: @adrienelouise
â–¶ï¸ Twitter: @yogawithadriene
â–¶ï¸ Facebook: Yoga With Adriene
â–¶ï¸ Shop: https://shop.fwfg.com

- - - - - - - - - - 

Music by Shakey Graves: 
https://www.shakeygraves.com

- - - - - - - - - - 

Yoga With Adriene, LLC recommends that you consult your physician regarding the applicability of any recommendations and follow all safety instructions before beginning any exercise program. When participating in any exercise or exercise program, there is the possibility of physical injury. If you engage in this exercise or exercise program, you agree that you do so at your own risk, are voluntarily participating in these activities, assume all risk of injury to yourself.",2015-01-08T06:00:03Z,17,5377098,0,0,0,0,28415,0,0,2225,30:3,0,0,41,32865
8,Yoga With Adriene,Day 8 - Yoga For Healing & Meditation - 30 Days of Yoga,"Join Adriene on Day 8 of The 30 Days of Yoga journey! Yoga For Healing & Meditation! Whether you plan to mediate after practice or whether the practice IS your mediation use this slow and juicy sequence to guide your body and your breath. 

Day 8 invites you to slow down, cultivate balance, and CONNECT. We open the hips in this sequence and use the subtle power of the breath to find release and let go. Connect to your spirit, soften, stretch, and relax. 

If you are used to moving fast, this may be a challenge for you. Enjoy the rejuvenating and restorative benefits of yoga and meditation. This should feel AWESOME after the first week of the 30 Day Of Yoga Journey. Relax and enjoy! You deserve it. 

Connect and support others down below! Cultivate positivity. Remember each day is different! The journey is the reward! See you tomorrow!

- - - - - -
Need the BASICS of Foundations of a pose?
Check out the Foundations Of Yoga playlist: http://goo.gl/Bc2iUc

#yogawithadriene   #freeyoga   #30daysofyoga
  
- - - - - - - - - - 

â¤ï¸SUBSCRIBE to the YWA channel for free yoga videos every week and to support high-quality free yoga for all! â¤ï¸
https://www.youtube.com/user/yogawithadriene?sub_confirmation=1

- - - - - - - - - - 

ğŸ§˜ğŸ½â™‚ï¸ğŸ§˜â™€ï¸Become a FWFG YOGA member! ğŸ§˜ğŸ»â™‚ï¸ğŸ§˜ğŸ¿â™€ï¸
https://fwfg.com/?via=adriene
Join Find What Feels Good and access over 700 videos including yoga and meditation for all levels. Explore daily practices, workshops, in-depth learning, weekly or monthly accountability series, and an opportunity to connect with a one of a kind global community. This is your one-stop-shop for yoga, creativity, wellness, and all things FWFG. Try it FREE for 7 Days! 

- - - - - - - - - - 

ğŸ—“Get your FREE Yoga Calendar: ğŸ—“
http://yogawithadriene.com/calendar/

- - - - - - - - - - 

More at www.yogawithadriene.com
â–¶ï¸ Instagram: @adrienelouise
â–¶ï¸ Twitter: @yogawithadriene
â–¶ï¸ Facebook: Yoga With Adriene
â–¶ï¸ Shop: https://shop.fwfg.com

- - - - - - - - - - 

Music by Shakey Graves: 
https://www.shakeygraves.com

- - - - - - - - - - 

Yoga With Adriene, LLC recommends that you consult your physician regarding the applicability of any recommendations and follow all safety instructions before beginning any exercise program. When participating in any exercise or exercise program, there is the possibility of physical injury. If you engage in this exercise or exercise program, you agree that you do so at your own risk, are voluntarily participating in these activities, assume all risk of injury to yourself.",2015-01-09T06:00:02Z,24,4368293,0,0,0,0,26969,0,0,2559,28:10,0,0,55,32087
9,Yoga With Adriene,Day 9 - Full Potential Detox Practice - 30 Days of Yoga,"Join Adriene on Day 9 of The 30 Days of Yoga journey! Full Potential Detox Practice! Meet your full potential and come into your power with this vigorous - but loving -  at-home yoga practice. 

Day 9 invites you to embrace your full potential! This is a fierce practice that is great for the digestive organs and abdominals. Perfect if you are feeling bloated in the belly or looking to tone to strong lean muscles. Very beneficial for those who suffer from IBS, constipation, or stomach discomfort. Cleanse it out safely with yoga. Keep a strong focus on the breath and alignment as you connect to full body strength with grace and ease. Make self-adjustments and modify up or down through this practice. This video is fun and challenging! Keep a sense of humor and always take breaks when you need! Listen to your body and ENJOY! Let your heart rate return back to its normal rate in Savasana after practice. Drink a tall glass of water to follow. 

Connect and support others down below! Cultivate positivity. Remember each day is different! The journey is the reward! See you tomorrow!

- - - - - -

Need the BASICS of Foundations of a pose?
Check out the Foundations Of Yoga playlist: http://goo.gl/Bc2iUc

#yogawithadriene   #freeyoga   #30daysofyoga
  
- - - - - - - - - - 

â¤ï¸SUBSCRIBE to the YWA channel for free yoga videos every week and to support high-quality free yoga for all! â¤ï¸
https://www.youtube.com/user/yogawithadriene?sub_confirmation=1

- - - - - - - - - - 

ğŸ§˜ğŸ½â™‚ï¸ğŸ§˜â™€ï¸Become a FWFG YOGA member! ğŸ§˜ğŸ»â™‚ï¸ğŸ§˜ğŸ¿â™€ï¸
https://fwfg.com/?via=adriene
Join Find What Feels Good and access over 700 videos including yoga and meditation for all levels. Explore daily practices, workshops, in-depth learning, weekly or monthly accountability series, and an opportunity to connect with a one of a kind global community. This is your one-stop-shop for yoga, creativity, wellness, and all things FWFG. Try it FREE for 7 Days! 

- - - - - - - - - - 

ğŸ—“Get your FREE Yoga Calendar: ğŸ—“
http://yogawithadriene.com/calendar/

- - - - - - - - - - 

More at www.yogawithadriene.com
â–¶ï¸ Instagram: @adrienelouise
â–¶ï¸ Twitter: @yogawithadriene
â–¶ï¸ Facebook: Yoga With Adriene
â–¶ï¸ Shop: https://shop.fwfg.com

- - - - - - - - - - 

Music by Shakey Graves: 
https://www.shakeygraves.com

- - - - - - - - - - 

Yoga With Adriene, LLC recommends that you consult your physician regarding the applicability of any recommendations and follow all safety instructions before beginning any exercise program. When participating in any exercise or exercise program, there is the possibility of physical injury. If you engage in this exercise or exercise program, you agree that you do so at your own risk, are voluntarily participating in these activities, assume all risk of injury to yourself.",2015-01-10T06:00:02Z,25,3895058,0,0,0,0,23812,0,0,1911,25:57,0,0,55,27634
10,Yoga With Adriene,Day 10 - 10 min Sun Salutation Practice -30 Days of Yoga,"Join Adriene on Day 10 of The 30 Days of Yoga journey! 10 min Sun Salutation Practice! Get used to moving with the breath. Practice this in the morning to set the tone for your day! 

This Day 10 Sun Salutation sequence is great if you are on the go and should feel awesome after 9 days of an amazing 30 Day Yoga journey! Use this practice to work on synchronizing the movement with the breath. Increase strength and flexibility as you welcome warmth to the body. Sun Salutations warm up the body and can refresh us in so many ways. Great for the nervous system! Great for the immune system! Great for depression! Make adjustments as needed and listen to your body! 

Connect and support others down below! Cultivate positivity. Remember each day is different! The journey is the reward! See you tomorrow!

- - - - - -

Need the BASICS of Foundations of a pose?
Check out the Foundations Of Yoga playlist: http://goo.gl/Bc2iUc

#yogawithadriene   #freeyoga   #30daysofyoga
  
- - - - - - - - - - 

â¤ï¸SUBSCRIBE to the YWA channel for free yoga videos every week and to support high-quality free yoga for all! â¤ï¸
https://www.youtube.com/user/yogawithadriene?sub_confirmation=1

- - - - - - - - - - 

ğŸ§˜ğŸ½â™‚ï¸ğŸ§˜â™€ï¸Become a FWFG YOGA member! ğŸ§˜ğŸ»â™‚ï¸ğŸ§˜ğŸ¿â™€ï¸
https://fwfg.com/?via=adriene
Join Find What Feels Good and access over 700 videos including yoga and meditation for all levels. Explore daily practices, workshops, in-depth learning, weekly or monthly accountability series, and an opportunity to connect with a one of a kind global community. This is your one-stop-shop for yoga, creativity, wellness, and all things FWFG. Try it FREE for 7 Days! 

- - - - - - - - - - 

ğŸ—“Get your FREE Yoga Calendar: ğŸ—“
http://yogawithadriene.com/calendar/

- - - - - - - - - - 

More at www.yogawithadriene.com
â–¶ï¸ Instagram: @adrienelouise
â–¶ï¸ Twitter: @yogawithadriene
â–¶ï¸ Facebook: Yoga With Adriene
â–¶ï¸ Shop: https://shop.fwfg.com

- - - - - - - - - - 

Music by Shakey Graves: 
https://www.shakeygraves.com

- - - - - - - - - - 

Yoga With Adriene, LLC recommends that you consult your physician regarding the applicability of any recommendations and follow all safety instructions before beginning any exercise program. When participating in any exercise or exercise program, there is the possibility of physical injury. If you engage in this exercise or exercise program, you agree that you do so at your own risk, are voluntarily participating in these activities, assume all risk of injury to yourself.",2015-01-11T06:00:05Z,19,4756992,0,0,0,0,32253,0,0,1677,12:40,0,0,56,35607
11,Yoga With Adriene,Day 11 - Shakti Yoga Practice - 30 Days of Yoga,"Join Adriene on Day 11 of The 30 Days of Yoga journey! Lions, Lizards, and Dogs, OH MY! This full-body at-home yoga practice is a healthy boost to both body and MIND. 
Day 11 balances and strengthens your Shakti energy. Shakti is considered the essential energy to live a healthy and vibrant life. Connect to an open mind and heart with creative energy - whatever that means to you. Use this awesome practice to seek, find, and connect to the power within. Stay curious! ""Don't Give Up!"" Discover! It's there. Awaken it! This sequence is also awesome for pre-workout warm-up - great before a run or a trip to the gym. 

Let me know how this sequence makes you feel down below! It' s time for a little energetic hygiene! Enjoy!

Connect and support others down below! Cultivate positivity. Remember each day is different! The journey is the reward! See you tomorrow!

- - - - - -

Need the BASICS of Foundations of a pose?
Check out the Foundations Of Yoga playlist: http://goo.gl/Bc2iUc

#yogawithadriene   #freeyoga   #30daysofyoga
  
- - - - - - - - - - 

â¤ï¸SUBSCRIBE to the YWA channel for free yoga videos every week and to support high-quality free yoga for all! â¤ï¸
https://www.youtube.com/user/yogawithadriene?sub_confirmation=1

- - - - - - - - - - 

ğŸ§˜ğŸ½â™‚ï¸ğŸ§˜â™€ï¸Become a FWFG YOGA member! ğŸ§˜ğŸ»â™‚ï¸ğŸ§˜ğŸ¿â™€ï¸
https://fwfg.com/?via=adriene
Join Find What Feels Good and access over 700 videos including yoga and meditation for all levels. Explore daily practices, workshops, in-depth learning, weekly or monthly accountability series, and an opportunity to connect with a one of a kind global community. This is your one-stop-shop for yoga, creativity, wellness, and all things FWFG. Try it FREE for 7 Days! 

- - - - - - - - - - 

ğŸ—“Get your FREE Yoga Calendar: ğŸ—“
http://yogawithadriene.com/calendar/

- - - - - - - - - - 

More at www.yogawithadriene.com
â–¶ï¸ Instagram: @adrienelouise
â–¶ï¸ Twitter: @yogawithadriene
â–¶ï¸ Facebook: Yoga With Adriene
â–¶ï¸ Shop: https://shop.fwfg.com

- - - - - - - - - - 

Music by Shakey Graves: 
https://www.shakeygraves.com

- - - - - - - - - - 

Yoga With Adriene, LLC recommends that you consult your physician regarding the applicability of any recommendations and follow all safety instructions before beginning any exercise program. When participating in any exercise or exercise program, there is the possibility of physical injury. If you engage in this exercise or exercise program, you agree that you do so at your own risk, are voluntarily participating in these activities, assume all risk of injury to yourself.",2015-01-12T06:00:03Z,27,3146788,0,0,0,0,20163,0,0,1435,23:21,0,0,47,23033
12,Yoga With Adriene,Day 12 - Yoga For Spinal Health - 30 Days of Yoga,"Join Adriene on Day 12 of The 30 Days of Yoga journey! Yoga For Spinal Health. 
This Day 12 practice promotes a happy and healthy support system. Seek balance as you stabilize the core musculature of the spine. Find a sense of ease as you strengthen the buttocks & legs and find support from within - that lasts. For real. Improve balance and coordination and ride the wave of yesterday's Shakti practice to create a focus that serves you.  Keep coming back to your breath. Integrate the breath into each posture and every transition. Enjoy. 

Connect and support others down below! Cultivate positivity. Remember each day is different! The journey is the reward! See you tomorrow!

- - - - - -

Need the BASICS of Foundations of a pose?
Check out the Foundations Of Yoga playlist: http://goo.gl/Bc2iUc

#yogawithadriene   #freeyoga   #30daysofyoga
  
- - - - - - - - - - 

â¤ï¸SUBSCRIBE to the YWA channel for free yoga videos every week and to support high-quality free yoga for all! â¤ï¸
https://www.youtube.com/user/yogawithadriene?sub_confirmation=1

- - - - - - - - - - 

ğŸ§˜ğŸ½â™‚ï¸ğŸ§˜â™€ï¸Become a FWFG YOGA member! ğŸ§˜ğŸ»â™‚ï¸ğŸ§˜ğŸ¿â™€ï¸
https://fwfg.com/?via=adriene
Join Find What Feels Good and access over 700 videos including yoga and meditation for all levels. Explore daily practices, workshops, in-depth learning, weekly or monthly accountability series, and an opportunity to connect with a one of a kind global community. This is your one-stop-shop for yoga, creativity, wellness, and all things FWFG. Try it FREE for 7 Days! 

- - - - - - - - - - 

ğŸ—“Get your FREE Yoga Calendar: ğŸ—“
http://yogawithadriene.com/calendar/

- - - - - - - - - - 

More at www.yogawithadriene.com
â–¶ï¸ Instagram: @adrienelouise
â–¶ï¸ Twitter: @yogawithadriene
â–¶ï¸ Facebook: Yoga With Adriene
â–¶ï¸ Shop: https://shop.fwfg.com

- - - - - - - - - - 

Music by Shakey Graves: 
https://www.shakeygraves.com

- - - - - - - - - - 

Yoga With Adriene, LLC recommends that you consult your physician regarding the applicability of any recommendations and follow all safety instructions before beginning any exercise program. When participating in any exercise or exercise program, there is the possibility of physical injury. If you engage in this exercise or exercise program, you agree that you do so at your own risk, are voluntarily participating in these activities, assume all risk of injury to yourself.",2015-01-13T06:00:00Z,24,2905260,0,0,0,0,20140,0,0,1066,17:48,0,0,49,22272
13,Yoga With Adriene,Day 13 - Endurance & Ease - 30 Days Of Yoga,"Join Adriene on Day 13 of The 30 Days of Yoga journey! Endurance and Ease! Find the mustard for your (yoga) pretzel in this fun full-body sequence.

Lucky Day 13 invites you to fly like an eagle aiming for full breaths and eventual exquisite ease. Check-in with your Day 13 endurance by softening your jaw and the skin of your face. Unfurrow that brow, lighten your heart, and unwind your mind with this savory Humble Warrior sequence. Stretch, twist, and FLY. Listen to your body. Don't push. Don't worry, have fun!

Connect and support others down below! Cultivate positivity. Remember each day is different! The journey is the reward! See you tomorrow!

Namaste.

- - - - - -

Need the BASICS of Foundations of a pose?
Check out the Foundations Of Yoga playlist: http://goo.gl/Bc2iUc

#yogawithadriene   #freeyoga   #30daysofyoga
  
- - - - - - - - - - 

â¤ï¸SUBSCRIBE to the YWA channel for free yoga videos every week and to support high-quality free yoga for all! â¤ï¸
https://www.youtube.com/user/yogawithadriene?sub_confirmation=1

- - - - - - - - - - 

ğŸ§˜ğŸ½â™‚ï¸ğŸ§˜â™€ï¸Become a FWFG YOGA member! ğŸ§˜ğŸ»â™‚ï¸ğŸ§˜ğŸ¿â™€ï¸
https://fwfg.com/?via=adriene
Join Find What Feels Good and access over 700 videos including yoga and meditation for all levels. Explore daily practices, workshops, in-depth learning, weekly or monthly accountability series, and an opportunity to connect with a one of a kind global community. This is your one-stop-shop for yoga, creativity, wellness, and all things FWFG. Try it FREE for 7 Days! 

- - - - - - - - - - 

ğŸ—“Get your FREE Yoga Calendar: ğŸ—“
http://yogawithadriene.com/calendar/

- - - - - - - - - - 

More at www.yogawithadriene.com
â–¶ï¸ Instagram: @adrienelouise
â–¶ï¸ Twitter: @yogawithadriene
â–¶ï¸ Facebook: Yoga With Adriene
â–¶ï¸ Shop: https://shop.fwfg.com

- - - - - - - - - - 

Music by Shakey Graves: 
https://www.shakeygraves.com

- - - - - - - - - - 

Yoga With Adriene, LLC recommends that you consult your physician regarding the applicability of any recommendations and follow all safety instructions before beginning any exercise program. When participating in any exercise or exercise program, there is the possibility of physical injury. If you engage in this exercise or exercise program, you agree that you do so at your own risk, are voluntarily participating in these activities, assume all risk of injury to yourself.",2015-01-14T06:00:02Z,27,2685490,0,0,0,0,17314,0,0,1023,25:51,0,0,43,19360
14,Yoga With Adriene,Day 14 - Mindful Hatha Yoga Workout - 30 Days of Yoga,"Join Adriene on Day 14 of The 30 Days of Yoga journey! Mindful Hatha Yoga Workout. This yoga workout is more of a practice than a workout, in my world anyway. I invite you to embrace practice as you work it out! 

Day 14 invites you to stretch tired and stiff muscles while also connecting to spirit and breath. Open the shoulders and find relief from stress and tension with this yummy 16 min at-home practice. Open the hips and connect to your core. Use today to check in with how you feel and write it down in your practice journal. Don't have a practice journal? Write in on your 30 Days Of Yoga calendar! Or on a napkin! What is one word to describe today's practice? 

Connect and support others down below! Cultivate positivity. Remember each day is different! The journey is the reward! See you tomorrow!

- - - - - -

Need the BASICS of Foundations of a pose?
Check out the Foundations Of Yoga playlist: http://goo.gl/Bc2iUc

#yogawithadriene   #freeyoga   #30daysofyoga
  
- - - - - - - - - - 

â¤ï¸SUBSCRIBE to the YWA channel for free yoga videos every week and to support high-quality free yoga for all! â¤ï¸
https://www.youtube.com/user/yogawithadriene?sub_confirmation=1

- - - - - - - - - - 

ğŸ§˜ğŸ½â™‚ï¸ğŸ§˜â™€ï¸Become a FWFG YOGA member! ğŸ§˜ğŸ»â™‚ï¸ğŸ§˜ğŸ¿â™€ï¸
https://fwfg.com/?via=adriene
Join Find What Feels Good and access over 700 videos including yoga and meditation for all levels. Explore daily practices, workshops, in-depth learning, weekly or monthly accountability series, and an opportunity to connect with a one of a kind global community. This is your one-stop-shop for yoga, creativity, wellness, and all things FWFG. Try it FREE for 7 Days! 

- - - - - - - - - - 

ğŸ—“Get your FREE Yoga Calendar: ğŸ—“
http://yogawithadriene.com/calendar/

- - - - - - - - - - 

More at www.yogawithadriene.com
â–¶ï¸ Instagram: @adrienelouise
â–¶ï¸ Twitter: @yogawithadriene
â–¶ï¸ Facebook: Yoga With Adriene
â–¶ï¸ Shop: https://shop.fwfg.com

- - - - - - - - - - 

Music by Shakey Graves: 
https://www.shakeygraves.com

- - - - - - - - - - 

Yoga With Adriene, LLC recommends that you consult your physician regarding the applicability of any recommendations and follow all safety instructions before beginning any exercise program. When participating in any exercise or exercise program, there is the possibility of physical injury. If you engage in this exercise or exercise program, you agree that you do so at your own risk, are voluntarily participating in these activities, assume all risk of injury to yourself.",2015-01-15T06:00:04Z,21,2666572,0,0,0,0,17769,0,0,892,16:47,0,0,53,19553
15,Yoga With Adriene,Day 15 - Half Hour Half Moon Practice - 30 Days of Yoga,"Join Adriene on Day 15 of The 30 Days of Yoga journey! Half Moon Practice. No experience with Ardha Chandrasana or Half Moon? NO PROBLEM!!!

We are HALFWAY there y'all! Day 15 welcomes you to drop into your practice. This sequence can be done in half an hour. It provides opportunity to relish in the space that you have cultivated in the last 14 days. Today would be the perfect day to commit to staying present. You have made it this far - stay in the moment and reconnect to your intentions. This 30 min yoga sequence is great for anxiety and stress relief. This practice takes its time and invites us to keep it fresh and alive! Connect to your breath, lift your heart, and go with the flow. ENJOY! Because you're worth it. 

AWESOME WORK MY FRIENDS! Namaste.

Connect and support others down below! Cultivate positivity. Remember each day is different! The journey is the reward! See you tomorrow!



- - - - - -

Need the BASICS of Foundations of a pose?
Check out the Foundations Of Yoga playlist: http://goo.gl/Bc2iUc
FOUNDATIONS OF HALF MOON HERE: http://goo.gl/JtYWU9

#yogawithadriene   #freeyoga   #30daysofyoga
  
- - - - - - - - - - 

â¤ï¸SUBSCRIBE to the YWA channel for free yoga videos every week and to support high-quality free yoga for all! â¤ï¸
https://www.youtube.com/user/yogawithadriene?sub_confirmation=1

- - - - - - - - - - 

ğŸ§˜ğŸ½â™‚ï¸ğŸ§˜â™€ï¸Become a FWFG YOGA member! ğŸ§˜ğŸ»â™‚ï¸ğŸ§˜ğŸ¿â™€ï¸
https://fwfg.com/?via=adriene
Join Find What Feels Good and access over 700 videos including yoga and meditation for all levels. Explore daily practices, workshops, in-depth learning, weekly or monthly accountability series, and an opportunity to connect with a one of a kind global community. This is your one-stop-shop for yoga, creativity, wellness, and all things FWFG. Try it FREE for 7 Days! 

- - - - - - - - - - 

ğŸ—“Get your FREE Yoga Calendar: ğŸ—“
http://yogawithadriene.com/calendar/

- - - - - - - - - - 

More at www.yogawithadriene.com
â–¶ï¸ Instagram: @adrienelouise
â–¶ï¸ Twitter: @yogawithadriene
â–¶ï¸ Facebook: Yoga With Adriene
â–¶ï¸ Shop: https://shop.fwfg.com

- - - - - - - - - - 

Music by Shakey Graves: 
https://www.shakeygraves.com

- - - - - - - - - - 

Yoga With Adriene, LLC recommends that you consult your physician regarding the applicability of any recommendations and follow all safety instructions before beginning any exercise program. When participating in any exercise or exercise program, there is the possibility of physical injury. If you engage in this exercise or exercise program, you agree that you do so at your own risk, are voluntarily participating in these activities, assume all risk of injury to yourself.",2015-01-16T06:00:04Z,27,2346008,0,0,0,0,15072,0,0,1138,29:37,0,0,55,17348
16,Yoga With Adriene,Day 16 - Easy Breezy Beautiful Yoga - 30 Days of Yoga,"Join Adriene on Day 16 of The 30 Days of Yoga journey! Easy Breezy Beautiful Yoga. Experiment going at your practice with an easy breezy beautiful attitude. Today, check-in, don't push, keep it soft and easy. 

Ahhh, the art of noticing! Use this Day 16 Yoga practice to awaken the spine, calm the nervous system and balance yesterday's yang energy - with a little softness and ease. Enjoy your yoga ritual! Short & Sweet 16!

Connect and support others down below! Cultivate positivity. Remember each day is different! The journey is the reward! See you tomorrow!

- - - - - -

Need the BASICS of Foundations of a pose?
Check out the Foundations Of Yoga playlist: http://goo.gl/Bc2iUc

#yogawithadriene   #freeyoga   #30daysofyoga
  
- - - - - - - - - - 

â¤ï¸SUBSCRIBE to the YWA channel for free yoga videos every week and to support high-quality free yoga for all! â¤ï¸
https://www.youtube.com/user/yogawithadriene?sub_confirmation=1

- - - - - - - - - - 

ğŸ§˜ğŸ½â™‚ï¸ğŸ§˜â™€ï¸Become a FWFG YOGA member! ğŸ§˜ğŸ»â™‚ï¸ğŸ§˜ğŸ¿â™€ï¸
https://fwfg.com/?via=adriene
Join Find What Feels Good and access over 700 videos including yoga and meditation for all levels. Explore daily practices, workshops, in-depth learning, weekly or monthly accountability series, and an opportunity to connect with a one of a kind global community. This is your one-stop-shop for yoga, creativity, wellness, and all things FWFG. Try it FREE for 7 Days! 

- - - - - - - - - - 

ğŸ—“Get your FREE Yoga Calendar: ğŸ—“
http://yogawithadriene.com/calendar/

- - - - - - - - - - 

More at www.yogawithadriene.com
â–¶ï¸ Instagram: @adrienelouise
â–¶ï¸ Twitter: @yogawithadriene
â–¶ï¸ Facebook: Yoga With Adriene
â–¶ï¸ Shop: https://shop.fwfg.com

- - - - - - - - - - 

Music by Shakey Graves: 
https://www.shakeygraves.com

- - - - - - - - - - 

Yoga With Adriene, LLC recommends that you consult your physician regarding the applicability of any recommendations and follow all safety instructions before beginning any exercise program. When participating in any exercise or exercise program, there is the possibility of physical injury. If you engage in this exercise or exercise program, you agree that you do so at your own risk, are voluntarily participating in these activities, assume all risk of injury to yourself.",2015-01-17T06:00:01Z,18,2342105,0,0,0,0,15548,0,0,949,14:18,0,0,53,17446
17,Yoga With Adriene,Day 17 - Happiness Boost Yoga - 30 Days of Yoga,"Join Adriene on Day 17 of The 30 Days of Yoga journey! Forget your troubles come on get happy! Hop on the mat for Happiness Boosting Yoga. 

Day 17 Yoga practice invites you to awaken the chakras and energetic channels of the body, or the nadis. Use deep conscious breaths as you follow this sequence to lift your mood. This practice can relieve tension, anxiety, the blues, and is great energetic hygiene! Increase flexibility and build strength, mindfully. Cultivate a full body experience. It is not what you do but how you do it in this sequence. Increase balance with practice and breath. Choose to enjoy the effects of 17 days of Yoga. Keep listening!

Connect and support others down below! Cultivate positivity. Remember each day is different! The journey is the reward! See you tomorrow!

- - - - - -

Need the BASICS of Foundations of a pose?
Check out the Foundations Of Yoga playlist: http://goo.gl/Bc2iUc

#yogawithadriene   #freeyoga   #30daysofyoga
  
- - - - - - - - - - 

â¤ï¸SUBSCRIBE to the YWA channel for free yoga videos every week and to support high-quality free yoga for all! â¤ï¸
https://www.youtube.com/user/yogawithadriene?sub_confirmation=1

- - - - - - - - - - 

ğŸ§˜ğŸ½â™‚ï¸ğŸ§˜â™€ï¸Become a FWFG YOGA member! ğŸ§˜ğŸ»â™‚ï¸ğŸ§˜ğŸ¿â™€ï¸
https://fwfg.com/?via=adriene
Join Find What Feels Good and access over 700 videos including yoga and meditation for all levels. Explore daily practices, workshops, in-depth learning, weekly or monthly accountability series, and an opportunity to connect with a one of a kind global community. This is your one-stop-shop for yoga, creativity, wellness, and all things FWFG. Try it FREE for 7 Days! 

- - - - - - - - - - 

ğŸ—“Get your FREE Yoga Calendar: ğŸ—“
http://yogawithadriene.com/calendar/

- - - - - - - - - - 

More at www.yogawithadriene.com
â–¶ï¸ Instagram: @adrienelouise
â–¶ï¸ Twitter: @yogawithadriene
â–¶ï¸ Facebook: Yoga With Adriene
â–¶ï¸ Shop: https://shop.fwfg.com

- - - - - - - - - - 

Music by Shakey Graves: 
https://www.shakeygraves.com

- - - - - - - - - - 

Yoga With Adriene, LLC recommends that you consult your physician regarding the applicability of any recommendations and follow all safety instructions before beginning any exercise program. When participating in any exercise or exercise program, there is the possibility of physical injury. If you engage in this exercise or exercise program, you agree that you do so at your own risk, are voluntarily participating in these activities, assume all risk of injury to yourself.",2015-01-18T06:00:02Z,19,2953726,0,0,0,0,19240,0,0,1081,34:49,0,0,47,21402
18,Yoga With Adriene,Day 18 - Wonder Yoga! - 30 Days of Yoga,"Join Adriene on Day 18 of The 30 Days of Yoga journey! Wonder Yoga practice is a sequence for balance, opening, and wonder in the unknown!

Day 18 Yoga invites you to regain wonder at being alive! Open the heart and hips as you breathe deep. This kind of practice helps me make clear choices, meet my edge and stay in the present moment. Balancing poses and mindful movement - simply cannot lie! Be patient. Take good care. Remember to have FUN. Soften your brow! Return to this practice again and again if you wish to grow a balancing practice! Peace.

Connect and support others down below! Cultivate positivity. Remember each day is different! The journey is the reward! See you tomorrow!

- - - - - -

Need the BASICS of Foundations of a pose?
Check out the Foundations Of Yoga playlist: http://goo.gl/Bc2iUc

#yogawithadriene   #freeyoga   #30daysofyoga
  
- - - - - - - - - - 

â¤ï¸SUBSCRIBE to the YWA channel for free yoga videos every week and to support high-quality free yoga for all! â¤ï¸
https://www.youtube.com/user/yogawithadriene?sub_confirmation=1

- - - - - - - - - - 

ğŸ§˜ğŸ½â™‚ï¸ğŸ§˜â™€ï¸Become a FWFG YOGA member! ğŸ§˜ğŸ»â™‚ï¸ğŸ§˜ğŸ¿â™€ï¸
https://fwfg.com/?via=adriene
Join Find What Feels Good and access over 700 videos including yoga and meditation for all levels. Explore daily practices, workshops, in-depth learning, weekly or monthly accountability series, and an opportunity to connect with a one of a kind global community. This is your one-stop-shop for yoga, creativity, wellness, and all things FWFG. Try it FREE for 7 Days! 

- - - - - - - - - - 

ğŸ—“Get your FREE Yoga Calendar: ğŸ—“
http://yogawithadriene.com/calendar/

- - - - - - - - - - 

More at www.yogawithadriene.com
â–¶ï¸ Instagram: @adrienelouise
â–¶ï¸ Twitter: @yogawithadriene
â–¶ï¸ Facebook: Yoga With Adriene
â–¶ï¸ Shop: https://shop.fwfg.com

- - - - - - - - - - 

Music by Shakey Graves: 
https://www.shakeygraves.com

- - - - - - - - - - 

Yoga With Adriene, LLC recommends that you consult your physician regarding the applicability of any recommendations and follow all safety instructions before beginning any exercise program. When participating in any exercise or exercise program, there is the possibility of physical injury. If you engage in this exercise or exercise program, you agree that you do so at your own risk, are voluntarily participating in these activities, assume all risk of injury to yourself.",2015-01-19T06:00:01Z,17,2329707,0,0,0,0,15075,0,0,967,21:7,0,0,39,17009
19,Yoga With Adriene,Day 19 - Breath & Body Practice - 30 Days of Yoga,"Join Adriene on Day 19 of The 30 Days of Yoga journey! Use this Breath and Body practice to relieve tired muscles and calm the mind. Day 19 invites you to slow down to synchronize body and movement with the breath. Deepen your practice with pranayama. Marry your pranayama practice or breathing practice with your asana practice. As we focus on the breath we invite fresh oxygen to the blood and to the brain. We connect to prana (or energy) and use the breath to control that vital force - so you can cultivate your magical powers and live your full potential! Let your breath sing! Let your body talk. Listen,  relax and enjoy! You deserve it. 

Connect and support others down below. Cultivate positivity. Remember each day is different! The journey is the reward! See you tomorrow!

- - - - - -

Need the BASICS of Foundations of a pose?
Check out the Foundations Of Yoga playlist: http://goo.gl/Bc2iUc

#yogawithadriene   #freeyoga   #30daysofyoga
  
- - - - - - - - - - 

â¤ï¸SUBSCRIBE to the YWA channel for free yoga videos every week and to support high-quality free yoga for all! â¤ï¸
https://www.youtube.com/user/yogawithadriene?sub_confirmation=1

- - - - - - - - - - 

ğŸ§˜ğŸ½â™‚ï¸ğŸ§˜â™€ï¸Become a FWFG YOGA member! ğŸ§˜ğŸ»â™‚ï¸ğŸ§˜ğŸ¿â™€ï¸
https://fwfg.com/?via=adriene
Join Find What Feels Good and access over 700 videos including yoga and meditation for all levels. Explore daily practices, workshops, in-depth learning, weekly or monthly accountability series, and an opportunity to connect with a one of a kind global community. This is your one-stop-shop for yoga, creativity, wellness, and all things FWFG. Try it FREE for 7 Days! 

- - - - - - - - - - 

ğŸ—“Get your FREE Yoga Calendar: ğŸ—“
http://yogawithadriene.com/calendar/

- - - - - - - - - - 

More at www.yogawithadriene.com
â–¶ï¸ Instagram: @adrienelouise
â–¶ï¸ Twitter: @yogawithadriene
â–¶ï¸ Facebook: Yoga With Adriene
â–¶ï¸ Shop: https://shop.fwfg.com

- - - - - - - - - - 

Music by Shakey Graves: 
https://www.shakeygraves.com

- - - - - - - - - - 

Yoga With Adriene, LLC recommends that you consult your physician regarding the applicability of any recommendations and follow all safety instructions before beginning any exercise program. When participating in any exercise or exercise program, there is the possibility of physical injury. If you engage in this exercise or exercise program, you agree that you do so at your own risk, are voluntarily participating in these activities, assume all risk of injury to yourself.",2015-01-20T06:00:01Z,18,2061744,0,0,0,0,13884,0,0,844,21:26,0,0,49,15572
20,Yoga With Adriene,Day 20 - Heart Practice - 30 Days of Yoga,"Join Adriene on Day 20 of The 30 Days of Yoga journey! Heart Practice. This yoga sequence is not your mama's heart-opening practice. This 27 min journey invites you to find support from the earth, engage the full body, and put your HEART into it. 

Day 20 builds on yesterday's Breath and Body practice! Synchronize the movement and breath with this full-body flow yoga practice. Open the heart and invite space to the neck and shoulders. You gotta have heart. What kind of attitude can you bring to your mat today?

Connect and support others down below! Cultivate positivity. Remember each day is different! The journey is the reward! See you tomorrow!

- - - - - -

Need the BASICS of Foundations of a pose?
Check out the Foundations Of Yoga playlist: http://goo.gl/Bc2iUc

#yogawithadriene   #freeyoga   #30daysofyoga
  
- - - - - - - - - - 

â¤ï¸SUBSCRIBE to the YWA channel for free yoga videos every week and to support high-quality free yoga for all! â¤ï¸
https://www.youtube.com/user/yogawithadriene?sub_confirmation=1

- - - - - - - - - - 

ğŸ§˜ğŸ½â™‚ï¸ğŸ§˜â™€ï¸Become a FWFG YOGA member! ğŸ§˜ğŸ»â™‚ï¸ğŸ§˜ğŸ¿â™€ï¸
https://fwfg.com/?via=adriene
Join Find What Feels Good and access over 700 videos including yoga and meditation for all levels. Explore daily practices, workshops, in-depth learning, weekly or monthly accountability series, and an opportunity to connect with a one of a kind global community. This is your one-stop-shop for yoga, creativity, wellness, and all things FWFG. Try it FREE for 7 Days! 

- - - - - - - - - - 

ğŸ—“Get your FREE Yoga Calendar: ğŸ—“
http://yogawithadriene.com/calendar/

- - - - - - - - - - 

More at www.yogawithadriene.com
â–¶ï¸ Instagram: @adrienelouise
â–¶ï¸ Twitter: @yogawithadriene
â–¶ï¸ Facebook: Yoga With Adriene
â–¶ï¸ Shop: https://shop.fwfg.com

- - - - - - - - - - 

Music by Shakey Graves: 
https://www.shakeygraves.com

- - - - - - - - - - 

Yoga With Adriene, LLC recommends that you consult your physician regarding the applicability of any recommendations and follow all safety instructions before beginning any exercise program. When participating in any exercise or exercise program, there is the possibility of physical injury. If you engage in this exercise or exercise program, you agree that you do so at your own risk, are voluntarily participating in these activities, assume all risk of injury to yourself.",2015-01-21T06:00:03Z,22,1894715,0,0,0,0,13797,0,0,859,27:2,0,0,41,15515
21,Yoga With Adriene,Day 21 - Joyful Home Practice - 30 Days of Yoga,"Join Adriene on Day 21 of The 30 Days of Yoga journey! Joyful Home Practice. This yoga sequence is all about full-body awareness and empowering you to make safe and supportive self-adjustments. Play, get drunk on the breath. Practice Mindfulness and ENJOY!

Day 21 benefits the internal organs with movement and massage. It supports the joints and invites you to strengthen all major muscle groups. Focus on alignment and action as you continue to build strength and grow your practice. Strong focus on sensation over shape. Strong focus on pranayama/breath continues in today's Day 21 yoga practice. Stay true to your breath. Find the joy. Find the joy. Find the joy. 

Connect and support others down below! Cultivate positivity. Remember each day is different! The journey is the reward! See you tomorrow!

- - - - - -

Need the BASICS of Foundations of a pose?
Check out the Foundations Of Yoga playlist: http://goo.gl/Bc2iUc

#yogawithadriene   #freeyoga   #30daysofyoga
  
- - - - - - - - - - 

â¤ï¸SUBSCRIBE to the YWA channel for free yoga videos every week and to support high-quality free yoga for all! â¤ï¸
https://www.youtube.com/user/yogawithadriene?sub_confirmation=1

- - - - - - - - - - 

ğŸ§˜ğŸ½â™‚ï¸ğŸ§˜â™€ï¸Become a FWFG YOGA member! ğŸ§˜ğŸ»â™‚ï¸ğŸ§˜ğŸ¿â™€ï¸
https://fwfg.com/?via=adriene
Join Find What Feels Good and access over 700 videos including yoga and meditation for all levels. Explore daily practices, workshops, in-depth learning, weekly or monthly accountability series, and an opportunity to connect with a one of a kind global community. This is your one-stop-shop for yoga, creativity, wellness, and all things FWFG. Try it FREE for 7 Days! 

- - - - - - - - - - 

ğŸ—“Get your FREE Yoga Calendar: ğŸ—“
http://yogawithadriene.com/calendar/

- - - - - - - - - - 

More at www.yogawithadriene.com
â–¶ï¸ Instagram: @adrienelouise
â–¶ï¸ Twitter: @yogawithadriene
â–¶ï¸ Facebook: Yoga With Adriene
â–¶ï¸ Shop: https://shop.fwfg.com

- - - - - - - - - - 

Music by Shakey Graves: 
https://www.shakeygraves.com

- - - - - - - - - - 

Yoga With Adriene, LLC recommends that you consult your physician regarding the applicability of any recommendations and follow all safety instructions before beginning any exercise program. When participating in any exercise or exercise program, there is the possibility of physical injury. If you engage in this exercise or exercise program, you agree that you do so at your own risk, are voluntarily participating in these activities, assume all risk of injury to yourself.",2015-01-22T06:00:01Z,27,1980889,0,0,0,0,13233,0,0,702,32:2,0,0,47,14637
22,Yoga With Adriene,Day 22 - Full Body Awareness - 30 Days of Yoga,"Join Adriene on Day 22 of The 30 Days of Yoga journey! Full Body Awareness Party! You're invited! 

Day 22 is a mindful and juicy yoga practice to assist you in cultivating full body awareness both on and off the mat. Stretch, strengthen, twist, and rinse. Play and soothe. Cultivate an appreciation for the entire body. Consider it one moving part! Enhancing full body awareness is an amazing tool for healing and growth. Can I get an AMEN?

We are in the home stretch! 
Connect and support others down below! Cultivate positivity. Remember each day is different! The journey is the reward! See you tomorrow!

- - - - - -

Need the BASICS of Foundations of a pose?
Check out the Foundations Of Yoga playlist: http://goo.gl/Bc2iUc

#yogawithadriene   #freeyoga   #30daysofyoga
  
- - - - - - - - - - 

â¤ï¸SUBSCRIBE to the YWA channel for free yoga videos every week and to support high-quality free yoga for all! â¤ï¸
https://www.youtube.com/user/yogawithadriene?sub_confirmation=1

- - - - - - - - - - 

ğŸ§˜ğŸ½â™‚ï¸ğŸ§˜â™€ï¸Become a FWFG YOGA member! ğŸ§˜ğŸ»â™‚ï¸ğŸ§˜ğŸ¿â™€ï¸
https://fwfg.com/?via=adriene
Join Find What Feels Good and access over 700 videos including yoga and meditation for all levels. Explore daily practices, workshops, in-depth learning, weekly or monthly accountability series, and an opportunity to connect with a one of a kind global community. This is your one-stop-shop for yoga, creativity, wellness, and all things FWFG. Try it FREE for 7 Days! 

- - - - - - - - - - 

ğŸ—“Get your FREE Yoga Calendar: ğŸ—“
http://yogawithadriene.com/calendar/

- - - - - - - - - - 

More at www.yogawithadriene.com
â–¶ï¸ Instagram: @adrienelouise
â–¶ï¸ Twitter: @yogawithadriene
â–¶ï¸ Facebook: Yoga With Adriene
â–¶ï¸ Shop: https://shop.fwfg.com

- - - - - - - - - - 

Music by Shakey Graves: 
https://www.shakeygraves.com

- - - - - - - - - - 

Yoga With Adriene, LLC recommends that you consult your physician regarding the applicability of any recommendations and follow all safety instructions before beginning any exercise program. When participating in any exercise or exercise program, there is the possibility of physical injury. If you engage in this exercise or exercise program, you agree that you do so at your own risk, are voluntarily participating in these activities, assume all risk of injury to yourself.",2015-01-23T06:00:05Z,17,1871537,0,0,0,0,12898,0,0,702,30:35,0,0,46,14302
23,Yoga With Adriene,Day 23 - Freedom & Forgiveness - 30 Days of Yoga,"Join Adriene on Day 23 of The 30 Days of Yoga journey! Freedom & Forgiveness. Power Yoga! MEET YOUR EDGE! (Don't Panic)

Day 23 is not the power yoga you are used to. Rather, this sequence invites us to find power and strength through acceptance, forgiveness, and letting go. Day 23 is an awesome journey! Modify as needed and find what really feels good. This practice will give you a good workout, stretch, strengthen, and soothe. But beyond that, this breath focused playtime is the perfect sequence to practice letting go. Let go to create space for empowerment and newfound strength. Let the practice be a mirror. Don't be hard on yourself. Be yourself. Be kind. Find freedom within the form and strength in letting go. Practice forgiveness as a way to keep moving forward. 

Oh, and drink lots of water today!

Connect and support others down below! Cultivate positivity. Remember each day is different! The journey is the reward! See you tomorrow!

- - - - - -

Need the BASICS of Foundations of a pose?
Check out the Foundations Of Yoga playlist: http://goo.gl/Bc2iUc

#yogawithadriene   #freeyoga   #30daysofyoga
  
- - - - - - - - - - 

â¤ï¸SUBSCRIBE to the YWA channel for free yoga videos every week and to support high-quality free yoga for all! â¤ï¸
https://www.youtube.com/user/yogawithadriene?sub_confirmation=1

- - - - - - - - - - 

ğŸ§˜ğŸ½â™‚ï¸ğŸ§˜â™€ï¸Become a FWFG YOGA member! ğŸ§˜ğŸ»â™‚ï¸ğŸ§˜ğŸ¿â™€ï¸
https://fwfg.com/?via=adriene
Join Find What Feels Good and access over 700 videos including yoga and meditation for all levels. Explore daily practices, workshops, in-depth learning, weekly or monthly accountability series, and an opportunity to connect with a one of a kind global community. This is your one-stop-shop for yoga, creativity, wellness, and all things FWFG. Try it FREE for 7 Days! 

- - - - - - - - - - 

ğŸ—“Get your FREE Yoga Calendar: ğŸ—“
http://yogawithadriene.com/calendar/

- - - - - - - - - - 

More at www.yogawithadriene.com
â–¶ï¸ Instagram: @adrienelouise
â–¶ï¸ Twitter: @yogawithadriene
â–¶ï¸ Facebook: Yoga With Adriene
â–¶ï¸ Shop: https://shop.fwfg.com

- - - - - - - - - - 

Music by Shakey Graves: 
https://www.shakeygraves.com

- - - - - - - - - - 

Yoga With Adriene, LLC recommends that you consult your physician regarding the applicability of any recommendations and follow all safety instructions before beginning any exercise program. When participating in any exercise or exercise program, there is the possibility of physical injury. If you engage in this exercise or exercise program, you agree that you do so at your own risk, are voluntarily participating in these activities, assume all risk of injury to yourself.",2015-01-24T06:00:04Z,18,1873485,0,0,0,0,12348,0,0,627,23:48,0,0,48,13602
24,Yoga With Adriene,Day 24  |  Gentle Yummy Yoga  |  30 Days of Yoga,"Join Adriene on Day 24 of The 30 Days of Yoga journey! Gentle Yummy Yoga to restore. Quick and supportive practice! **With extended Savasana!** Find balance in your 30 Day Yoga Journey. If you are thinking about skipping this one - don't! This restorative Happy Hips practice has your back. 

On Day 24 we take it easy on the upper body and restore. This yummy sequence increases mobility with a variety of stretches for the legs and hips. ""Allow, release, let go.""

I figured we could all use this today. Gentle Yoga is not just ""easy yoga"" - for me it is essential in finding balance and ease. It is a way to slow down and make sure I am not harming my body. Practice kindness and mindfulness. ENJOY! 

Pair with another day if you are absolutely craving more heat! Find What Feels Good. Enjoy!

Connect and support others down below! Cultivate positivity. Remember each day is different! The journey is the reward! See you tomorrow!
We've created a 30 Days of Yoga playlist, so you can easily return to this series and repeat it - or just pick up where you left off: https://www.youtube.com/playlist?list=PLui6Eyny-UzwxbWCWDbTzEwsZnnROBTIL

#30DaysofYoga  #YogaWithAdriene  #30DayYogaChallenge

- - - - - -

Need the BASICS of Foundations of a pose?
Check out the Foundations Of Yoga playlist: http://goo.gl/Bc2iUc

#yogawithadriene   #freeyoga   #30daysofyoga
  
- - - - - - - - - - 

â¤ï¸SUBSCRIBE to the YWA channel for free yoga videos every week and to support high-quality free yoga for all! â¤ï¸
https://www.youtube.com/user/yogawithadriene?sub_confirmation=1

- - - - - - - - - - 

ğŸ§˜ğŸ½â™‚ï¸ğŸ§˜â™€ï¸Become a FWFG YOGA member! ğŸ§˜ğŸ»â™‚ï¸ğŸ§˜ğŸ¿â™€ï¸
https://fwfg.com/?via=adriene
Join Find What Feels Good and access over 700 videos including yoga and meditation for all levels. Explore daily practices, workshops, in-depth learning, weekly or monthly accountability series, and an opportunity to connect with a one of a kind global community. This is your one-stop-shop for yoga, creativity, wellness, and all things FWFG. Try it FREE for 7 Days! 

- - - - - - - - - - 

ğŸ—“Get your FREE Yoga Calendar: ğŸ—“
http://yogawithadriene.com/calendar/

- - - - - - - - - - 

More at www.yogawithadriene.com
â–¶ï¸ Instagram: @adrienelouise
â–¶ï¸ Twitter: @yogawithadriene
â–¶ï¸ Facebook: Yoga With Adriene
â–¶ï¸ Shop: https://shop.fwfg.com

- - - - - - - - - - 

Music by Shakey Graves: 
https://www.shakeygraves.com

- - - - - - - - - - 

Yoga With Adriene, LLC recommends that you consult your physician regarding the applicability of any recommendations and follow all safety instructions before beginning any exercise program. When participating in any exercise or exercise program, there is the possibility of physical injury. If you engage in this exercise or exercise program, you agree that you do so at your own risk, are voluntarily participating in these activities, assume all risk of injury to yourself.",2015-01-25T06:00:04Z,24,1878852,0,0,0,0,15373,0,0,906,18:51,0,0,48,17185
25,Yoga With Adriene,Day 25  |  Dancing Warrior Sequence  |  30 Days of Yoga,"Join Adriene on Day 25 of The 30 Days of Yoga journey! Dancing Warrior Yoga Sequence. Dance break! Don't decide where it ends! 

This day 25 yoga practice invites you to work on organic movement and creating a full-body experience - that is true to you. No yoga robots! Stay receptive as you work to build strength and unlock space. Stretch, strengthen - work it out! 

5 more days! 

Connect and support others down below! Cultivate positivity. Remember each day is different! The journey is the reward! See you tomorrow!
We've created a 30 Days of Yoga playlist, so you can easily return to this series and repeat it - or just pick up where you left off: https://www.youtube.com/playlist?list=PLui6Eyny-UzwxbWCWDbTzEwsZnnROBTIL
#30DaysofYoga #YogaWithAdriene #30DayYogaChallenge

- - - - - -

Need the BASICS of Foundations of a pose?
Check out the Foundations Of Yoga playlist: http://goo.gl/Bc2iUc

#yogawithadriene   #freeyoga   #30daysofyoga
  
- - - - - - - - - - 

â¤ï¸SUBSCRIBE to the YWA channel for free yoga videos every week and to support high-quality free yoga for all! â¤ï¸
https://www.youtube.com/user/yogawithadriene?sub_confirmation=1

- - - - - - - - - - 

ğŸ§˜ğŸ½â™‚ï¸ğŸ§˜â™€ï¸Become a FWFG YOGA member! ğŸ§˜ğŸ»â™‚ï¸ğŸ§˜ğŸ¿â™€ï¸
https://fwfg.com/?via=adriene
Join Find What Feels Good and access over 700 videos including yoga and meditation for all levels. Explore daily practices, workshops, in-depth learning, weekly or monthly accountability series, and an opportunity to connect with a one of a kind global community. This is your one-stop-shop for yoga, creativity, wellness, and all things FWFG. Try it FREE for 7 Days! 

- - - - - - - - - - 

ğŸ—“Get your FREE Yoga Calendar: ğŸ—“
http://yogawithadriene.com/calendar/

- - - - - - - - - - 

More at www.yogawithadriene.com
â–¶ï¸ Instagram: @adrienelouise
â–¶ï¸ Twitter: @yogawithadriene
â–¶ï¸ Facebook: Yoga With Adriene
â–¶ï¸ Shop: https://shop.fwfg.com

- - - - - - - - - - 

Music by Shakey Graves: 
https://www.shakeygraves.com

- - - - - - - - - - 

Yoga With Adriene, LLC recommends that you consult your physician regarding the applicability of any recommendations and follow all safety instructions before beginning any exercise program. When participating in any exercise or exercise program, there is the possibility of physical injury. If you engage in this exercise or exercise program, you agree that you do so at your own risk, are voluntarily participating in these activities, assume all risk of injury to yourself.",2015-01-26T06:00:02Z,23,1634798,0,0,0,0,11363,0,0,408,12:35,0,0,55,12179
26,Yoga With Adriene,"Day 26  |  Earth Practice, Total Body Yoga  |  30 Days of Yoga","Join Adriene on Day 26 of The 30 Days of Yoga journey! Earth Practice. Say whaaa? In this practice we use the earth to connect, ground, stretch, and lift from. We learn another pranayama or breath technique and of course, have a little fun with a full body practice.

This 20 min yoga sequence has it all! It invites you to go deeper. Re-connect to home, ease, and mother earth. Yeah, I said it. Simple meditation pose is there for you. This yoga sequence also invites you to get low and be human. Explore all lines of movement with the support of the earth. We will stretch, open, and remove stress that has manifested in the body. We will tend to the feet and trek into the unknown! We will connect to our core - and keep returning back to the breath - reconnecting to YOU. 

""It's all happening.""

Share your practice with others #30daysofyoga #30DayYogaChallenge #TotalBodyYoga

Connect and support others down below! Cultivate positivity. Remember each day is different! The journey is the reward! See you tomorrow!
- - - - - - - - - - 

â¤ï¸SUBSCRIBE to the YWA channel for free yoga videos every week and to support high-quality free yoga for all! â¤ï¸
https://www.youtube.com/user/yogawithadriene?sub_confirmation=1

- - - - - - - - - - 

ğŸ§˜ğŸ½â™‚ï¸ğŸ§˜â™€ï¸Become a FWFG YOGA member! ğŸ§˜ğŸ»â™‚ï¸ğŸ§˜ğŸ¿â™€ï¸
https://fwfg.com/?via=adriene
Join Find What Feels Good and access over 700 videos including yoga and meditation for all levels. Explore daily practices, workshops, in-depth learning, weekly or monthly accountability series, and an opportunity to connect with a one of a kind global community. This is your one-stop-shop for yoga, creativity, wellness, and all things FWFG. Try it FREE for 7 Days! 

- - - - - - - - - - 

ğŸ—“Get your FREE Yoga Calendar: ğŸ—“
http://yogawithadriene.com/calendar/

- - - - - - - - - - 

More at www.yogawithadriene.com
â–¶ï¸ Instagram: @adrienelouise
â–¶ï¸ Twitter: @yogawithadriene
â–¶ï¸ Facebook: Yoga With Adriene
â–¶ï¸ Shop: https://shop.fwfg.com

- - - - - - - - - - 

Music by Shakey Graves: 
https://www.shakeygraves.com

- - - - - - - - - - 

Yoga With Adriene, LLC recommends that you consult your physician regarding the applicability of any recommendations and follow all safety instructions before beginning any exercise program. When participating in any exercise or exercise program, there is the possibility of physical injury. If you engage in this exercise or exercise program, you agree that you do so at your own risk, are voluntarily participating in these activities, assume all risk of injury to yourself.",2015-01-27T06:00:03Z,26,1821093,0,0,0,0,12523,0,0,808,23:3,0,0,62,14139
27,Yoga With Adriene,"Day 27  |  Flexible, Fearless & FUN YOGA  |  30 Days of Yoga","Join Adriene on Day 27 of The 30 Days of Yoga journey! Flexible, Fearless, and FUN Yoga Practice - equipped with Plank Playtime! (Don't be scared!) This 16 min practice is a great reminder that we can have fun on the mat. We don't need to take yoga so seriously to have a connected and focused practice. We don't need to be so serious to get a workout. Let's have some fun as we explore on our mat and check in with the present moment.

Day 27 gets the juices flowing and focuses on flexibility, balance, and breath. This video strengthens and stretches all major muscle groups inviting you to build your practice based on Day 1-26. You are doing so great! Stick with it, my friends! 

Connect and support others down below! Cultivate positivity. Remember each day is different! The journey is the reward! See you tomorrow!
We've created a 30 Days of Yoga playlist, so you can easily return to this series and repeat it - or just pick up where you left off: https://www.youtube.com/playlist?list=PLui6Eyny-UzwxbWCWDbTzEwsZnnROBTIL
#30DaysofYoga #YogaWithAdriene #30DayYogaChallenge

- - - - - -

Need the BASICS of Foundations of a pose?
Check out the Foundations Of Yoga playlist: http://goo.gl/Bc2iUc

#yogawithadriene   #freeyoga   #30daysofyoga
  
- - - - - - - - - - 

â¤ï¸SUBSCRIBE to the YWA channel for free yoga videos every week and to support high-quality free yoga for all! â¤ï¸
https://www.youtube.com/user/yogawithadriene?sub_confirmation=1

- - - - - - - - - - 

ğŸ§˜ğŸ½â™‚ï¸ğŸ§˜â™€ï¸Become a FWFG YOGA member! ğŸ§˜ğŸ»â™‚ï¸ğŸ§˜ğŸ¿â™€ï¸
https://fwfg.com/?via=adriene
Join Find What Feels Good and access over 700 videos including yoga and meditation for all levels. Explore daily practices, workshops, in-depth learning, weekly or monthly accountability series, and an opportunity to connect with a one of a kind global community. This is your one-stop-shop for yoga, creativity, wellness, and all things FWFG. Try it FREE for 7 Days! 

- - - - - - - - - - 

ğŸ—“Get your FREE Yoga Calendar: ğŸ—“
http://yogawithadriene.com/calendar/

- - - - - - - - - - 

More at www.yogawithadriene.com
â–¶ï¸ Instagram: @adrienelouise
â–¶ï¸ Twitter: @yogawithadriene
â–¶ï¸ Facebook: Yoga With Adriene
â–¶ï¸ Shop: https://shop.fwfg.com

- - - - - - - - - - 

Music by Shakey Graves: 
https://www.shakeygraves.com

- - - - - - - - - - 

Yoga With Adriene, LLC recommends that you consult your physician regarding the applicability of any recommendations and follow all safety instructions before beginning any exercise program. When participating in any exercise or exercise program, there is the possibility of physical injury. If you engage in this exercise or exercise program, you agree that you do so at your own risk, are voluntarily participating in these activities, assume all risk of injury to yourself.",2015-01-28T06:00:04Z,28,1638005,0,0,0,0,11587,0,0,559,16:39,0,0,60,12705
28,Yoga With Adriene,Day 28  |  Playful Yoga Practice  |  30 Days of Yoga,"Join Adriene on Day 28 of The 30 Days of Yoga journey! Playful Yoga practice. Find Freedom Within the Form! Find a sense of playfulness and a sense of freedom and wonder!

Day 28 invites you to work out the kinks mindfully. This sequence is great for those seeking to improve posture and connect to your core. This is excellent training for those seeking to create a regular and well-rounded home practice. Build strength and flexibility and continue to integrate the breath. Enjoy the practice and whatever it serves up today. Open your heart! Be playful! Open yourself up to a new experience today! Become empowered as you continue each day to - make it your own. 

Connect and support others down below! Cultivate positivity. Remember each day is different! The journey is the reward! See you tomorrow!

We've created a 30 Days of Yoga playlist, so you can easily return to this series and repeat it - or just pick up where you left off: https://www.youtube.com/playlist?list=PLui6Eyny-UzwxbWCWDbTzEwsZnnROBTIL
#30DaysofYoga #YogaWithAdriene #30DayYogaChallenge

- - - - - -

Need the BASICS of Foundations of a pose?
Check out the Foundations Of Yoga playlist: http://goo.gl/Bc2iUc

#yogawithadriene   #freeyoga   #30daysofyoga
  
- - - - - - - - - - 

â¤ï¸SUBSCRIBE to the YWA channel for free yoga videos every week and to support high-quality free yoga for all! â¤ï¸
https://www.youtube.com/user/yogawithadriene?sub_confirmation=1

- - - - - - - - - - 

ğŸ§˜ğŸ½â™‚ï¸ğŸ§˜â™€ï¸Become a FWFG YOGA member! ğŸ§˜ğŸ»â™‚ï¸ğŸ§˜ğŸ¿â™€ï¸
https://fwfg.com/?via=adriene
Join Find What Feels Good and access over 700 videos including yoga and meditation for all levels. Explore daily practices, workshops, in-depth learning, weekly or monthly accountability series, and an opportunity to connect with a one of a kind global community. This is your one-stop-shop for yoga, creativity, wellness, and all things FWFG. Try it FREE for 7 Days! 

- - - - - - - - - - 

ğŸ—“Get your FREE Yoga Calendar: ğŸ—“
http://yogawithadriene.com/calendar/

- - - - - - - - - - 

More at www.yogawithadriene.com
â–¶ï¸ Instagram: @adrienelouise
â–¶ï¸ Twitter: @yogawithadriene
â–¶ï¸ Facebook: Yoga With Adriene
â–¶ï¸ Shop: https://shop.fwfg.com

- - - - - - - - - - 

Music by Shakey Graves: 
https://www.shakeygraves.com

- - - - - - - - - - 

Yoga With Adriene, LLC recommends that you consult your physician regarding the applicability of any recommendations and follow all safety instructions before beginning any exercise program. When participating in any exercise or exercise program, there is the possibility of physical injury. If you engage in this exercise or exercise program, you agree that you do so at your own risk, are voluntarily participating in these activities, assume all risk of injury to yourself.",2015-01-29T06:00:02Z,21,1525403,0,0,0,0,10448,0,0,493,19:10,0,0,52,11434
29,Yoga With Adriene,Day 29  |  Sweet Surrender  |  30 Days of Yoga,"Join Adriene on Day 29 of The 30 Days of Yoga journey! Sweet Surrender! This yoga practice aims at inner strength and inner peace. Working from the inside out. 

Day 29 is great for those wanting to open up to a new experience when it comes to fitness and even Yoga. Heart openers, hip openers, and mindful flow for neck and shoulders. Stretch and strengthen the back body and connect to your core. Take it upside down or listen to your body and restore. Above all relish in the therapeutic benefits of staying present in your asana practice. Stay connected to your breath and enjoy your practice. Tomorrow, I have a surprise for you. I cannot wait. 

So very grateful for this community - keep rocking!!!

Connect and support others down below! Cultivate positivity. Remember each day is different! The journey is the reward! See you tomorrow!
We've created a 30 Days of Yoga playlist, so you can easily return to this series and repeat it - or just pick up where you left off: https://www.youtube.com/playlist?list=PLui6Eyny-UzwxbWCWDbTzEwsZnnROBTIL

#30DaysofYoga #YogaWithAdriene #30DayYogaChallenge

- - - - - -

Need the BASICS of Foundations of a pose?
Check out the Foundations Of Yoga playlist: http://goo.gl/Bc2iUc

#yogawithadriene   #freeyoga   #30daysofyoga
  
- - - - - - - - - - 

â¤ï¸SUBSCRIBE to the YWA channel for free yoga videos every week and to support high-quality free yoga for all! â¤ï¸
https://www.youtube.com/user/yogawithadriene?sub_confirmation=1

- - - - - - - - - - 

ğŸ§˜ğŸ½â™‚ï¸ğŸ§˜â™€ï¸Become a FWFG YOGA member! ğŸ§˜ğŸ»â™‚ï¸ğŸ§˜ğŸ¿â™€ï¸
https://fwfg.com/?via=adriene
Join Find What Feels Good and access over 700 videos including yoga and meditation for all levels. Explore daily practices, workshops, in-depth learning, weekly or monthly accountability series, and an opportunity to connect with a one of a kind global community. This is your one-stop-shop for yoga, creativity, wellness, and all things FWFG. Try it FREE for 7 Days! 

- - - - - - - - - - 

ğŸ—“Get your FREE Yoga Calendar: ğŸ—“
http://yogawithadriene.com/calendar/

- - - - - - - - - - 

More at www.yogawithadriene.com
â–¶ï¸ Instagram: @adrienelouise
â–¶ï¸ Twitter: @yogawithadriene
â–¶ï¸ Facebook: Yoga With Adriene
â–¶ï¸ Shop: https://shop.fwfg.com

- - - - - - - - - - 

Music by Shakey Graves: 
https://www.shakeygraves.com

- - - - - - - - - - 

Yoga With Adriene, LLC recommends that you consult your physician regarding the applicability of any recommendations and follow all safety instructions before beginning any exercise program. When participating in any exercise or exercise program, there is the possibility of physical injury. If you engage in this exercise or exercise program, you agree that you do so at your own risk, are voluntarily participating in these activities, assume all risk of injury to yourself.",2015-01-30T06:00:01Z,21,1447240,0,0,0,0,10679,0,0,454,17:46,0,0,46,11587
30,Yoga With Adriene,Day 30  |  Find What Feels Good  |  30 Days of Yoga,"Join Adriene on Day 30 of The 30 Days of Yoga journey! You made it. We rolled out the mat for 30 Days. It may have taken longer than 30 Days - but you did it. You are here, now. You committed to yourself, to a practice that serves, inspires, and moves. Enjoy this celebratory practice and know that you are connected to others around the globe also with the mission to Find What Feels Good. 

Day 30 is ultimately an opportunity for me to show you that really - it is all, you baby. It is an opportunity for you to trust and love. It is an opportunity for you to get a good work out and work-it-out. It is a celebration of our practice and of our community! It's about inspiration. How lucky are we to have this practice to grow and this experience to learn from?! Who would have thought you could appreciate the tools of yoga at home in such a way and be your own boss? Who would have thought you would actually make friends across the globe and connect to a community on YouTube? Not me. But I'm so very glad we did. 

Amazing work my friends. Please, please share your experience down below and stay connected. We have so much potential! This is just the beginning.  

So very grateful for this community - keep rocking!!!

Share this experience with your friends and family!

We've created a 30 Days of Yoga playlist, so you can easily return to this series and repeat it - or just pick up where you left off: https://www.youtube.com/playlist?list=PLui6Eyny-UzwxbWCWDbTzEwsZnnROBTIL

Want to continue your journey with another 30 Days of Yoga? Check out the sequel: Yoga Camp! https://www.youtube.com/playlist?list=PLui6Eyny-Uzx5BRNB2_Kvycrn5h9OsaHC


#30DaysofYoga #YogaWithAdriene #30DayYogaChallenge

- - - - - - - - - - 

â¤ï¸SUBSCRIBE to the YWA channel for free yoga videos every week and to support high-quality free yoga for all! â¤ï¸
https://www.youtube.com/user/yogawithadriene?sub_confirmation=1

- - - - - - - - - - 

ğŸ§˜ğŸ½â™‚ï¸ğŸ§˜â™€ï¸Become a FWFG YOGA member! ğŸ§˜ğŸ»â™‚ï¸ğŸ§˜ğŸ¿â™€ï¸
https://fwfg.com/?via=adriene
Join Find What Feels Good and access over 700 videos including yoga and meditation for all levels. Explore daily practices, workshops, in-depth learning, weekly or monthly accountability series, and an opportunity to connect with a one of a kind global community. This is your one-stop-shop for yoga, creativity, wellness, and all things FWFG. Try it FREE for 7 Days! 

- - - - - - - - - - 

ğŸ—“Get your FREE Yoga Calendar: ğŸ—“
http://yogawithadriene.com/calendar/

- - - - - - - - - - 

More at www.yogawithadriene.com
â–¶ï¸ Instagram: @adrienelouise
â–¶ï¸ Twitter: @yogawithadriene
â–¶ï¸ Facebook: Yoga With Adriene
â–¶ï¸ Shop: https://shop.fwfg.com

- - - - - - - - - - 

Music by Shakey Graves: 
https://www.shakeygraves.com

- - - - - - - - - - 

Yoga With Adriene, LLC recommends that you consult your physician regarding the applicability of any recommendations and follow all safety instructions before beginning any exercise program. When participating in any exercise or exercise program, there is the possibility of physical injury. If you engage in this exercise or exercise program, you agree that you do so at your own risk, are voluntarily participating in these activities, assume all risk of injury to yourself.",2015-01-31T06:00:01Z,19,1415440,0,0,0,0,16479,0,0,6082,21:56,0,0,51,28643
